{
  "COMPRESSION_TYPE": "HUFFMAN",
  "DATA_SET_ID": "JUNO-J-JUNOCAM-2-EDR-L0-V1.0",
  "DESCRIPTION": "",
  "EXPOSURE_DURATION": "102.400000 <ms>",
  "FILE_NAME": "JNCE_2022186_43M00081_V01-raw.png",
  "FILE_RECORDS": 1536,
  "FILTER_NAME": [
    "METHANE"
  ],
  "FOCAL_PLANE_TEMPERATURE": "273.0 <K>",
  "IMAGE_TIME": "2022-07-05T12:18:09.446",
  "INSTRUMENT_HOST_NAME": "JUNO",
  "INSTRUMENT_ID": "JNC",
  "INSTRUMENT_NAME": "JUNO EPO CAMERA",
  "INTERFRAME_DELAY": "0.372 <s>",
  "JNO:TDI_STAGES_COUNT": 32,
  "LINES": 1536,
  "LINE_PREFIX_BYTES": 0,
  "LINE_SAMPLES": 1648,
  "LINE_SUFFIX_BYTES": 0,
  "MISSION_PHASE_NAME": "PERIJOVE 43",
  "ORBIT_NUMBER": 43,
  "PJ": "43",
  "PROCESSING_LEVEL_ID": 2,
  "PRODUCER_ID": "JUNO_JUNOCAM_TEAM",
  "PRODUCT_CREATION_TIME": "2022-07-08T20:25:49",
  "PRODUCT_ID": "JNCE_2022186_43M00081_V01",
  "PRODUCT_VERSION_ID": 1,
  "RATIONALE_DESC": "Jupiter imaging",
  "RECORD_BYTES": 1648,
  "SAMPLE_BITS": 8,
  "SAMPLE_BIT_MASK": "2#11111111#",
  "SAMPLE_BIT_MODE_ID": "SQROOT",
  "SAMPLE_TYPE": "UNSIGNED_INTEGER",
  "SAMPLING_FACTOR": 1,
  "SEQUENCE_ID": "jm43",
  "SOFTWARE_NAME": "JUNOMAKEPDS.PY 0.12",
  "SOLAR_DISTANCE": "7.4237e+08 <km>",
  "SOURCE_PRODUCT_ID": "3D-09002B0051-2022-188T21.54.13",
  "SPACECRAFT_ALTITUDE": "275560.2 <km>",
  "SPACECRAFT_CLOCK_START_COUNT": "710295897:244",
  "SPACECRAFT_CLOCK_STOP_COUNT": "N/A",
  "SPACECRAFT_NAME": "JUNO",
  "STANDARD_DATA_PRODUCT_ID": "JUNOCAM-EDR",
  "START_TIME": "2022-07-05T12:18:09.446",
  "STOP_TIME": "2022-07-05T12:18:13.910",
  "SUB_SPACECRAFT_LATITUDE": "-83.2841",
  "SUB_SPACECRAFT_LONGITUDE": "160.1557",
  "TARGET_NAME": "JUPITER",
  "TITLE": "PJ43 South Pole at Minimum Emission Angle",
  "TOKEN_ID": []
}
