{
  "COMPRESSION_TYPE": "INTEGER COSINE TRANSFORM",
  "DATA_SET_ID": "JUNO-J-JUNOCAM-2-EDR-L0-V1.0",
  "DESCRIPTION": "",
  "EXPOSURE_DURATION": "102.400000 <ms>",
  "FILE_NAME": "JNCE_2022229_44M00044_V01-raw.png",
  "FILE_RECORDS": 4864,
  "FILTER_NAME": [
    "METHANE"
  ],
  "FOCAL_PLANE_TEMPERATURE": "273.0 <K>",
  "IMAGE_TIME": "2022-08-17T14:33:54.629",
  "INSTRUMENT_HOST_NAME": "JUNO",
  "INSTRUMENT_ID": "JNC",
  "INSTRUMENT_NAME": "JUNO EPO CAMERA",
  "INTERFRAME_DELAY": "0.373 <s>",
  "JNO:TDI_STAGES_COUNT": 32,
  "LINES": 4864,
  "LINE_PREFIX_BYTES": 0,
  "LINE_SAMPLES": 1648,
  "LINE_SUFFIX_BYTES": 0,
  "MISSION_PHASE_NAME": "PERIJOVE 44",
  "ORBIT_NUMBER": 44,
  "PJ": "44",
  "PROCESSING_LEVEL_ID": 2,
  "PRODUCER_ID": "JUNO_JUNOCAM_TEAM",
  "PRODUCT_CREATION_TIME": "2022-08-19T14:06:19",
  "PRODUCT_ID": "JNCE_2022229_44M00044_V01",
  "PRODUCT_VERSION_ID": 1,
  "RATIONALE_DESC": "Jupiter imaging",
  "RECORD_BYTES": 1648,
  "SAMPLE_BITS": 8,
  "SAMPLE_BIT_MASK": "2#11111111#",
  "SAMPLE_BIT_MODE_ID": "SQROOT",
  "SAMPLE_TYPE": "UNSIGNED_INTEGER",
  "SAMPLING_FACTOR": 1,
  "SEQUENCE_ID": "jm44",
  "SOFTWARE_NAME": "JUNOMAKEPDS.PY 0.12",
  "SOLAR_DISTANCE": "7.4172e+08 <km>",
  "SOURCE_PRODUCT_ID": "3D-09002C002C-2022-230T16.54.47",
  "SPACECRAFT_ALTITUDE": "11234.2 <km>",
  "SPACECRAFT_CLOCK_START_COUNT": "714019247:232",
  "SPACECRAFT_CLOCK_STOP_COUNT": "N/A",
  "SPACECRAFT_NAME": "JUNO",
  "STANDARD_DATA_PRODUCT_ID": "JUNOCAM-EDR",
  "START_TIME": "2022-08-17T14:33:54.629",
  "STOP_TIME": "2022-08-17T14:34:08.803",
  "SUB_SPACECRAFT_LATITUDE": "68.3384",
  "SUB_SPACECRAFT_LONGITUDE": "128.1765",
  "TARGET_NAME": "JUPITER",
  "TITLE": "PJ44 North Polar Region",
  "TOKEN_ID": []
}
