{
  "COMPRESSION_TYPE": "INTEGER COSINE TRANSFORM",
  "DATA_SET_ID": "JUNO-J-JUNOCAM-2-EDR-L0-V1.0",
  "DESCRIPTION": "",
  "EXPOSURE_DURATION": "3.200000 <ms>",
  "FILE_NAME": "JNCE_2022229_44C00032_V01-raw.png",
  "FILE_RECORDS": 8448,
  "FILTER_NAME": [
    "BLUE",
    "GREEN",
    "RED"
  ],
  "FOCAL_PLANE_TEMPERATURE": "273.0 <K>",
  "IMAGE_TIME": "2022-08-17T13:44:55.688",
  "INSTRUMENT_HOST_NAME": "JUNO",
  "INSTRUMENT_ID": "JNC",
  "INSTRUMENT_NAME": "JUNO EPO CAMERA",
  "INTERFRAME_DELAY": "0.373 <s>",
  "JNO:TDI_STAGES_COUNT": 1,
  "LINES": 8448,
  "LINE_PREFIX_BYTES": 0,
  "LINE_SAMPLES": 1648,
  "LINE_SUFFIX_BYTES": 0,
  "MISSION_PHASE_NAME": "PERIJOVE 44",
  "ORBIT_NUMBER": 44,
  "PJ": "44",
  "PROCESSING_LEVEL_ID": 2,
  "PRODUCER_ID": "JUNO_JUNOCAM_TEAM",
  "PRODUCT_CREATION_TIME": "2022-08-19T14:06:16",
  "PRODUCT_ID": "JNCE_2022229_44C00032_V01",
  "PRODUCT_VERSION_ID": 1,
  "RATIONALE_DESC": "Jupiter imaging",
  "RECORD_BYTES": 1648,
  "SAMPLE_BITS": 8,
  "SAMPLE_BIT_MASK": "2#11111111#",
  "SAMPLE_BIT_MODE_ID": "SQROOT",
  "SAMPLE_TYPE": "UNSIGNED_INTEGER",
  "SAMPLING_FACTOR": 1,
  "SEQUENCE_ID": "jm44",
  "SOFTWARE_NAME": "JUNOMAKEPDS.PY 0.12",
  "SOLAR_DISTANCE": "7.4172e+08 <km>",
  "SOURCE_PRODUCT_ID": "3D-09002C0020-2022-230T11.10.05",
  "SPACECRAFT_ALTITUDE": "85911.5 <km>",
  "SPACECRAFT_CLOCK_START_COUNT": "714016308:246",
  "SPACECRAFT_CLOCK_STOP_COUNT": "N/A",
  "SPACECRAFT_NAME": "JUNO",
  "STANDARD_DATA_PRODUCT_ID": "JUNOCAM-EDR",
  "START_TIME": "2022-08-17T13:44:55.688",
  "STOP_TIME": "2022-08-17T13:45:03.894",
  "SUB_SPACECRAFT_LATITUDE": "51.6238",
  "SUB_SPACECRAFT_LONGITUDE": "301.5612",
  "TARGET_NAME": "JUPITER",
  "TITLE": "PJ44 Jet N5",
  "TOKEN_ID": []
}
