{
  "COMPRESSION_TYPE": "INTEGER COSINE TRANSFORM",
  "DATA_SET_ID": "JUNO-J-JUNOCAM-2-EDR-L0-V1.0",
  "DESCRIPTION": "",
  "EXPOSURE_DURATION": "19.200000 <ms>",
  "FILE_NAME": "JNCE_2022186_43C00078_V01-raw.png",
  "FILE_RECORDS": 4608,
  "FILTER_NAME": [
    "BLUE",
    "GREEN",
    "RED"
  ],
  "FOCAL_PLANE_TEMPERATURE": "273.0 <K>",
  "IMAGE_TIME": "2022-07-05T12:13:37.407",
  "INSTRUMENT_HOST_NAME": "JUNO",
  "INSTRUMENT_ID": "JNC",
  "INSTRUMENT_NAME": "JUNO EPO CAMERA",
  "INTERFRAME_DELAY": "0.372 <s>",
  "JNO:TDI_STAGES_COUNT": 6,
  "LINES": 4608,
  "LINE_PREFIX_BYTES": 0,
  "LINE_SAMPLES": 1648,
  "LINE_SUFFIX_BYTES": 0,
  "MISSION_PHASE_NAME": "PERIJOVE 43",
  "ORBIT_NUMBER": 43,
  "PJ": "43",
  "PROCESSING_LEVEL_ID": 2,
  "PRODUCER_ID": "JUNO_JUNOCAM_TEAM",
  "PRODUCT_CREATION_TIME": "2022-07-08T20:25:48",
  "PRODUCT_ID": "JNCE_2022186_43C00078_V01",
  "PRODUCT_VERSION_ID": 1,
  "RATIONALE_DESC": "Jupiter imaging",
  "RECORD_BYTES": 1648,
  "SAMPLE_BITS": 8,
  "SAMPLE_BIT_MASK": "2#11111111#",
  "SAMPLE_BIT_MODE_ID": "SQROOT",
  "SAMPLE_TYPE": "UNSIGNED_INTEGER",
  "SAMPLING_FACTOR": 1,
  "SEQUENCE_ID": "jm43",
  "SOFTWARE_NAME": "JUNOMAKEPDS.PY 0.12",
  "SOLAR_DISTANCE": "7.4237e+08 <km>",
  "SOURCE_PRODUCT_ID": "3D-09002B004E-2022-188T21.41.12",
  "SPACECRAFT_ALTITUDE": "269171.4 <km>",
  "SPACECRAFT_CLOCK_START_COUNT": "710295625:234",
  "SPACECRAFT_CLOCK_STOP_COUNT": "N/A",
  "SPACECRAFT_NAME": "JUNO",
  "STANDARD_DATA_PRODUCT_ID": "JUNOCAM-EDR",
  "START_TIME": "2022-07-05T12:13:37.407",
  "STOP_TIME": "2022-07-05T12:13:41.871",
  "SUB_SPACECRAFT_LATITUDE": "-83.2812",
  "SUB_SPACECRAFT_LONGITUDE": "152.594",
  "TARGET_NAME": "JUPITER",
  "TITLE": "PJ43 Southern circumpolar cyclones",
  "TOKEN_ID": []
}
